{"protocol":{"minReaderVersion":1,"minWriterVersion":2}}
{"metaData":{"id":"15b19e1a-c5be-4132-84ff-04d0e3d7c4df","format":{"provider":"parquet","options":{}},"schemaString":"{\"type\":\"struct\",\"fields\":[{\"name\":\"nll_licence_code\",\"type\":\"string\",\"nullable\":true,\"metadata\":{}},{\"name\":\"nll_licence_name\",\"type\":\"string\",\"nullable\":true,\"metadata\":{}},{\"name\":\"nll_licence_url\",\"type\":\"string\",\"nullable\":true,\"metadata\":{}},{\"name\":\"drv_vehicle_key\",\"type\":\"integer\",\"nullable\":true,\"metadata\":{}},{\"name\":\"nlm_dimension_load_date\",\"type\":\"string\",\"nullable\":true,\"metadata\":{}},{\"name\":\"nlm_dimension_is_current\",\"type\":\"boolean\",\"nullable\":true,\"metadata\":{}},{\"name\":\"nlm_dimension_update_date\",\"type\":\"string\",\"nullable\":true,\"metadata\":{}},{\"name\":\"nlm_effective_from_date\",\"type\":\"string\",\"nullable\":true,\"metadata\":{}},{\"name\":\"nlm_effective_to_date\",\"type\":\"string\",\"nullable\":true,\"metadata\":{}},{\"name\":\"src_vehicle_make\",\"type\":\"string\",\"nullable\":true,\"metadata\":{}},{\"name\":\"src_vehicle_model\",\"type\":\"string\",\"nullable\":true,\"metadata\":{}},{\"name\":\"src_vehicle_colour\",\"type\":\"string\",\"nullable\":true,\"metadata\":{}},{\"name\":\"src_fuel_type_code\",\"type\":\"string\",\"nullable\":true,\"metadata\":{}},{\"name\":\"src_fuel_type\",\"type\":\"string\",\"nullable\":true,\"metadata\":{}},{\"name\":\"src_cylinder_capacity\",\"type\":\"string\",\"nullable\":true,\"metadata\":{}},{\"name\":\"drv_vehicle_make\",\"type\":\"string\",\"nullable\":true,\"metadata\":{}},{\"name\":\"drv_cylinder_capacity\",\"type\":\"string\",\"nullable\":true,\"metadata\":{}},{\"name\":\"drv_cylinder_capacity_band\",\"type\":\"string\",\"nullable\":true,\"metadata\":{}},{\"name\":\"drv_cylinder_capacity_integer\",\"type\":\"integer\",\"nullable\":true,\"metadata\":{}},{\"name\":\"drv_cylinder_capacity_band_sort\",\"type\":\"integer\",\"nullable\":true,\"metadata\":{}}]}","partitionColumns":[],"configuration":{},"createdTime":1677329614777}}
{"add":{"path":"part-00000-d5d5ecd3-7379-4eff-9f6a-23f3f10e1dc5-c000.snappy.parquet","partitionValues":{},"size":2497,"modificationTime":1677329616787,"dataChange":true,"stats":"{\"numRecords\":0,\"minValues\":{},\"maxValues\":{},\"nullCount\":{}}"}}
{"add":{"path":"part-00007-dfb546f0-efdd-4b0c-abd7-e4b53a251aab-c000.snappy.parquet","partitionValues":{},"size":26590938,"modificationTime":1677329627603,"dataChange":true,"stats":"{\"numRecords\":1144650,\"minValues\":{\"nll_licence_code\":\"odc-odbl\",\"nll_licence_name\":\"Open Data Commons Open Database \",\"nll_licence_url\":\"https://www.opendatablend.io/ope\",\"drv_vehicle_key\":-999999,\"nlm_dimension_load_date\":\"2020-10-18T00:04:58Z\",\"nlm_dimension_update_date\":\"2020-10-18T00:06:00Z\",\"nlm_effective_from_date\":\"1900-01-01\",\"nlm_effective_to_date\":\"9998-12-31\",\"src_vehicle_make\":\"\\tGENERAL MOTORS\",\"src_vehicle_model\":\"\",\"src_vehicle_colour\":\"\",\"src_fuel_type_code\":\"\",\"src_fuel_type\":\"**Not Applicable**\",\"src_cylinder_capacity\":\"\",\"drv_vehicle_make\":\"\\tGENERAL MOTORS\",\"drv_cylinder_capacity\":\"**Not Provided**\",\"drv_cylinder_capacity_band\":\"**Not Provided**\",\"drv_cylinder_capacity_integer\":-999999,\"drv_cylinder_capacity_band_sort\":-999999},\"maxValues\":{\"nll_licence_code\":\"odc-odbl\",\"nll_licence_name\":\"Open Data Commons Open Database �\",\"nll_licence_url\":\"https://www.opendatablend.io/ope�\",\"drv_vehicle_key\":1144648,\"nlm_dimension_load_date\":\"9999-12-31T00:00:00Z\",\"nlm_dimension_update_date\":\"9999-12-31T00:00:00Z\",\"nlm_effective_from_date\":\"9999-12-31\",\"nlm_effective_to_date\":\"9999-12-31\",\"src_vehicle_make\":\"xs atv xs-d055-1\",\"src_vehicle_model\":\"zy125t-5\",\"src_vehicle_colour\":\"YP250RA,  X MAX\",\"src_fuel_type_code\":\"ZWD308\",\"src_fuel_type\":\"Steam\",\"src_cylinder_capacity\":\"WHITE\",\"drv_vehicle_make\":\"xs atv xs-d055-1\",\"drv_cylinder_capacity\":\"999 cc\",\"drv_cylinder_capacity_band\":\"Above 25,000 cc\",\"drv_cylinder_capacity_integer\":99999,\"drv_cylinder_capacity_band_sort\":51},\"nullCount\":{\"nll_licence_code\":0,\"nll_licence_name\":0,\"nll_licence_url\":0,\"drv_vehicle_key\":0,\"nlm_dimension_load_date\":0,\"nlm_dimension_is_current\":0,\"nlm_dimension_update_date\":0,\"nlm_effective_from_date\":0,\"nlm_effective_to_date\":0,\"src_vehicle_make\":0,\"src_vehicle_model\":0,\"src_vehicle_colour\":0,\"src_fuel_type_code\":0,\"src_fuel_type\":0,\"src_cylinder_capacity\":0,\"drv_vehicle_make\":0,\"drv_cylinder_capacity\":0,\"drv_cylinder_capacity_band\":0,\"drv_cylinder_capacity_integer\":0,\"drv_cylinder_capacity_band_sort\":0}}"}}
{"commitInfo":{"timestamp":1677329627689,"operation":"WRITE","operationParameters":{"mode":"ErrorIfExists","partitionBy":"[]"},"isolationLevel":"Serializable","isBlindAppend":true,"operationMetrics":{"numFiles":"2","numOutputRows":"1144650","numOutputBytes":"26593435"},"engineInfo":"Apache-Spark/3.2.1 Delta-Lake/2.0.0rc1","txnId":"3db07530-7d87-4b4f-8ad9-286ef29d0b92"}}
